<?xml version="1.0" encoding="UTF-8" ?>
<!DOCTYPE mapper PUBLIC "-//mybatis.org//DTD Mapper 3.0//EN" "http://mybatis.org/dtd/mybatis-3-mapper.dtd">
<mapper namespace="com.hungta.dao.UserDao">

    <cache/>

    <resultMap id="BaseResultMap" type="com.hungta.entity.Order">
        <id column="orderId" jdbcType="VARCHAR" property="orderId" />
        <result column="quantity" jdbcType="INTEGER" property="quantity" />
        <result column="price" jdbcType="INTEGER" property="price" />
        <result column="type" jdbcType="VARCHAR" property="type" />
        <result column="customerId" jdbcType="VARCHAR" property="customerId" />
        <result column="customerName" jdbcType="VARCHAR" property="customerName" />
        <result column="orderDate" jdbcType="VARCHAR" property="orderDate" />
        <result column="total" jdbcType="INTEGER" property="total" />
        <result column="orderName" jdbcType="VARCHAR" property="orderName" />
        <result column="status" jdbcType="VARCHAR" property="status" />
    </resultMap>

    <sql id="Base_Column_List" >
        orderId, productName, quantity, price, type, customerId, customerName, orderDate, total, orderName, status
    </sql>

    <select id="findAll" resultType="Order">
        SELECT
        <include refid="Base_Column_List" />
        FROM orders
    </select>


    <select id="findByOrderName" resultMap="BaseResultMap" parameterType="java.lang.String" >
        select
        <include refid="Base_Column_List" />
        from orders
        where orderName = #{orderName,jdbcType=VARCHAR}
        LIMIT 1
    </select>



</mapper>